-- Insert service categories
INSERT OR IGNORE INTO service_categories (id, name_ar, name_en, description_ar, description_en, icon, sort_order) VALUES 
  (1, 'ุงูุณุจุงูุฉ', 'Plumbing', 'ุฅุตูุงุญ ูุชุฑููุจ ุฃูุงุจูุจ ุงูููุงู ูุงูุตุฑู ุงูุตุญู', 'Water pipe and drainage installation and repair', '๐ง', 1),
  (2, 'ุงูููุฑุจุงุก', 'Electrical', 'ุฎุฏูุงุช ุงูููุฑุจุงุก ุงูููุฒููุฉ ูุงูุฅุถุงุกุฉ', 'Home electrical and lighting services', 'โก', 2),
  (3, 'ุงููุฌุงุฑุฉ', 'Carpentry', 'ุชุตููุญ ูุชุฑููุจ ุงูุฃุซุงุซ ุงูุฎุดุจู ูุงูุฃุจูุงุจ', 'Furniture and door repair and installation', '๐จ', 3),
  (4, 'ุงูุชูุธูู', 'Cleaning', 'ุชูุธูู ุงูููุงุฒู ูุงูููุงุชุจ', 'Home and office cleaning services', '๐งน', 4),
  (5, 'ุงูุชูููู ูุงูุชุจุฑูุฏ', 'AC & Cooling', 'ุตูุงูุฉ ูุชุฑููุจ ุฃูุธูุฉ ุงูุชูููู', 'AC installation and maintenance', 'โ๏ธ', 5),
  (6, 'ุงูุฏูุงู ูุงูุฏูููุฑ', 'Painting & Decor', 'ุฏูุงู ุงูุฌุฏุฑุงู ูุงูุฃุณูู ูุงูุฏูููุฑ', 'Wall and ceiling painting and decoration', '๐จ', 6),
  (7, 'ุงูุญุฏุงุฆู ูุงูุชูุณูู', 'Gardening', 'ุชูุณูู ูุตูุงูุฉ ุงูุญุฏุงุฆู ุงูููุฒููุฉ', 'Home garden design and maintenance', '๐ฑ', 7),
  (8, 'ููู ุงูุฃุซุงุซ', 'Furniture Moving', 'ููู ูุชุฑููุจ ุงูุฃุซุงุซ ุงูููุฒูู', 'Furniture moving and installation', '๐ฆ', 8);

-- Insert test users (customers)
INSERT OR IGNORE INTO users (id, email, password_hash, name, phone, user_type, city) VALUES 
  (1, 'ahmed.customer@gmail.com', 'hashed_password_123', 'ุฃุญูุฏ ูุญูุฏ ุงูุฃุฑุฏูู', '0799123456', 'customer', 'ุนููุงู'),
  (2, 'sara.customer@gmail.com', 'hashed_password_456', 'ุณุงุฑุฉ ุนูู ุงูุนูุฑู', '0788234567', 'customer', 'ุนููุงู'),
  (3, 'omar.customer@gmail.com', 'hashed_password_789', 'ุนูุฑ ุฎุงูุฏ ุงูุฒุนุจู', '0777345678', 'customer', 'ุฅุฑุจุฏ');

-- Insert test users (service providers)
INSERT OR IGNORE INTO users (id, email, password_hash, name, phone, user_type, city) VALUES 
  (4, 'plumber.expert@gmail.com', 'hashed_password_101', 'ูุญูุฏ ุงูุณุจุงู ุงููุญุชุฑู', '0795111222', 'provider', 'ุนููุงู'),
  (5, 'electrician.pro@gmail.com', 'hashed_password_102', 'ุนูู ุงูููุฑุจุงุฆู ุงููุงูุฑ', '0794222333', 'provider', 'ุนููุงู'),
  (6, 'carpenter.master@gmail.com', 'hashed_password_103', 'ุญุณุงู ุงููุฌุงุฑ ุงูุฎุจูุฑ', '0793333444', 'provider', 'ุนููุงู'),
  (7, 'cleaner.service@gmail.com', 'hashed_password_104', 'ูุงุทูุฉ ุฎุฏูุงุช ุงูุชูุธูู', '0792444555', 'provider', 'ุนููุงู');

-- Insert service providers profiles
INSERT OR IGNORE INTO service_providers (id, user_id, business_name, bio_ar, experience_years, rating, total_reviews, total_jobs, verified_provider) VALUES 
  (1, 4, 'ุงูุณุจุงูุฉ ุงูุญุฏูุซุฉ', 'ุณุจุงู ูุญุชุฑู ูุน ุฎุจุฑุฉ 8 ุณููุงุช ูู ุฌููุน ุฃุนูุงู ุงูุณุจุงูุฉ ุงูููุฒููุฉ ูุงูุชุฌุงุฑูุฉ', 8, 4.8, 127, 245, TRUE),
  (2, 5, 'ุงูููุฑุจุงุก ุงูุฐููุฉ', 'ููู ููุฑุจุงุก ูุนุชูุฏุ ูุชุฎุตุต ูู ุงูุฃูุธูุฉ ุงูุฐููุฉ ูุงูุทุงูุฉ ุงูุดูุณูุฉ', 6, 4.9, 89, 156, TRUE),
  (3, 6, 'ูุฌุงุฑุฉ ุงูุฅุชูุงู', 'ูุฌุงุฑ ูุงูุฑ ูู ุชูุตูู ูุฅุตูุงุญ ุฌููุน ุฃููุงุน ุงูุฃุซุงุซ ุงูุฎุดุจู', 10, 4.7, 203, 387, TRUE),
  (4, 7, 'ุงููุธุงูุฉ ุงูุดุงููุฉ', 'ูุฑูู ุชูุธูู ุงุญุชุฑุงูู ููููุงุฒู ูุงูููุงุชุจ ูุน ุงุณุชุฎุฏุงู ููุงุฏ ุขููุฉ', 5, 4.6, 156, 298, FALSE);

-- Insert provider services
INSERT OR IGNORE INTO provider_services (provider_id, category_id, service_name_ar, service_name_en, description_ar, base_price, price_per_hour, minimum_charge) VALUES 
  -- Plumber services
  (1, 1, 'ุฅุตูุงุญ ุชุณุฑูุจ ุงูููุงู', 'Water Leak Repair', 'ูุญุต ูุฅุตูุงุญ ุชุณุฑูุจุงุช ุงูุฃูุงุจูุจ ูุงูุญูููุงุช', 15, 20, 10),
  (1, 1, 'ุชูุธูู ุฃูุงุจูุจ ุงูุตุฑู', 'Drain Cleaning', 'ุชุณููู ูุชูุธูู ุฃูุงุจูุจ ุงูุตุฑู ุงููุณุฏูุฏุฉ', 25, 25, 20),
  (1, 1, 'ุชุฑููุจ ุณุฎุงู ููุงู', 'Water Heater Installation', 'ุชุฑููุจ ูุตูุงูุฉ ุณุฎุงูุงุช ุงูููุงู ุงูููุฑุจุงุฆูุฉ ูุงูุบุงุฒ', 50, 30, 40),
  
  -- Electrician services  
  (2, 2, 'ุฅุตูุงุญ ุฃุนุทุงู ุงูููุฑุจุงุก', 'Electrical Repair', 'ุชุดุฎูุต ูุฅุตูุงุญ ูุดุงูู ุงูููุฑุจุงุก ุงูููุฒููุฉ', 20, 25, 15),
  (2, 2, 'ุชุฑููุจ ุฅุถุงุกุฉ LED', 'LED Lighting Installation', 'ุชุฑููุจ ุฃูุธูุฉ ุงูุฅุถุงุกุฉ ุงูุฐููุฉ ุงููููุฑุฉ ููุทุงูุฉ', 30, 30, 25),
  (2, 2, 'ุชุฑููุจ ูุงููุฑุงุช ูุฑุงูุจุฉ', 'Security Camera Installation', 'ุชุฑููุจ ูุจุฑูุฌุฉ ุฃูุธูุฉ ุงููุฑุงูุจุฉ ุงูุฃูููุฉ', 80, 40, 60),
  
  -- Carpenter services
  (3, 3, 'ุฅุตูุงุญ ุงูุฃุซุงุซ ุงูุฎุดุจู', 'Furniture Repair', 'ุชุฑููู ูุฅุตูุงุญ ุงูุฃุซุงุซ ูุงูุฎุฒุงุฆู ุงูุฎุดุจูุฉ', 25, 20, 15),
  (3, 3, 'ุชูุตูู ูุทุงุจุฎ ุฎุดุจูุฉ', 'Custom Kitchen Cabinets', 'ุชุตููู ูุชูุตูู ูุทุงุจุฎ ุฎุดุจูุฉ ุญุณุจ ุงูุทูุจ', 200, 35, 150),
  (3, 3, 'ุชุฑููุจ ุฃุจูุงุจ ูุดุจุงุจูู', 'Door & Window Installation', 'ุชุฑููุจ ูุตูุงูุฉ ุงูุฃุจูุงุจ ูุงูุดุจุงุจูู ุงูุฎุดุจูุฉ', 40, 25, 30),
  
  -- Cleaning services
  (4, 4, 'ุชูุธูู ุดุงูู ููููุฒู', 'Complete Home Cleaning', 'ุชูุธูู ุดุงูู ูุฌููุน ุบุฑู ุงูููุฒู ูุงูุญูุงูุงุช', 40, 15, 30),
  (4, 4, 'ุชูุธูู ุงูุณุฌุงุฏ ูุงูููููุช', 'Carpet Cleaning', 'ุบุณูู ูุชูุธูู ุงูุณุฌุงุฏ ูุงูููุฑูุดุงุช', 60, 20, 40),
  (4, 4, 'ุชูุธูู ูุง ุจุนุฏ ุงูุจูุงุก', 'Post-Construction Cleaning', 'ุชูุธูู ุงูููุงุฒู ุจุนุฏ ุฃุนูุงู ุงูุชุฌุฏูุฏ ูุงูุจูุงุก', 80, 25, 60);

-- Insert sample service requests
INSERT OR IGNORE INTO service_requests (id, customer_id, provider_id, category_id, title, description, location_address, preferred_date, preferred_time_start, budget_min, budget_max, status) VALUES 
  (1, 1, 1, 1, 'ุชุณุฑูุจ ูู ุญูุงู ุงูุถููู', 'ููุฌุฏ ุชุณุฑูุจ ููุงู ูู ุญูููุฉ ุงูุญูุงู ุงูุฑุฆูุณูุ ูุญุชุงุฌ ุฅุตูุงุญ ุณุฑูุน', 'ุดุงุฑุน ุงูุฌุงูุนุฉ ุงูุฃุฑุฏููุฉุ ุนููุงู', '2024-12-01', '09:00', 10, 25, 'pending'),
  (2, 2, 2, 2, 'ุงููุทุงุน ุงูููุฑุจุงุก ูู ุงููุทุจุฎ', 'ุงููุทุน ุงูุชูุงุฑ ุงูููุฑุจุงุฆู ูู ุงููุทุจุฎ ููุทุ ุจุงูู ุงูุจูุช ูุนูู ุจุดูู ุทุจูุนู', 'ุฏูุงุฑ ุงูุฏุงุฎููุฉุ ุนููุงู', '2024-12-02', '14:00', 15, 30, 'accepted'),
  (3, 3, NULL, 4, 'ุชูุธูู ุดุงูู ูุดูุฉ ุฌุฏูุฏุฉ', 'ุดูุฉ ุฌุฏูุฏุฉ ุชุญุชุงุฌ ุชูุธูู ุดุงูู ูุจู ุงูุณููุ 3 ุบุฑู ููู ูุตุงูุชูู', 'ุญู ูุฒุงูุ ุฅุฑุจุฏ', '2024-12-03', '10:00', 40, 60, 'pending');

-- Insert sample reviews
INSERT OR IGNORE INTO reviews (request_id, reviewer_id, provider_id, rating, review_text, verified) VALUES 
  (1, 1, 1, 5, 'ุฎุฏูุฉ ููุชุงุฒุฉ ูุณุฑูุนุฉุ ุฃุตูุญ ุงูุชุณุฑูุจ ูู 30 ุฏูููุฉ ูุจุณุนุฑ ูุนููู', TRUE),
  (2, 2, 2, 4, 'ููู ูุงูุฑ ูููุชุฒู ุจุงูููุงุนูุฏุ ุญู ุงููุดููุฉ ุจุดูู ุงุญุชุฑุงูู', TRUE);

-- Insert sample notifications
INSERT OR IGNORE INTO notifications (user_id, title, message, type) VALUES 
  (1, 'ุชู ูุจูู ุทูุจู', 'ุชู ูุจูู ุทูุจ ุงูุฎุฏูุฉ ุงูุฎุงุต ุจู ูู ูุจู ูุญูุฏ ุงูุณุจุงู ุงููุญุชุฑู', 'success'),
  (4, 'ุทูุจ ุฎุฏูุฉ ุฌุฏูุฏ', 'ูุฏูู ุทูุจ ุฎุฏูุฉ ุฌุฏูุฏ ูู ุฃุญูุฏ ูุญูุฏ ุงูุฃุฑุฏูู', 'info'),
  (2, 'ุชูููู ุงูุฎุฏูุฉ', 'ูุง ุชูุณ ุชูููู ุงูุฎุฏูุฉ ุงูููุฌุฒุฉ ูู ุนูู ุงูููุฑุจุงุฆู ุงููุงูุฑ', 'info');